version,strategie,fonction,dim,pop,graine,meilleure_valeur,erreur,temps_s
CPU,current-to-best1,Sphere,10,50,1,-450.000000,0.000000e+00,0.012361
CPU,current-to-best1,Sphere,10,50,2,-450.000000,0.000000e+00,0.012221
CPU,current-to-best1,Sphere,10,50,3,-450.000000,0.000000e+00,0.012302
CPU,current-to-best1,Sphere,10,50,4,-450.000000,0.000000e+00,0.012424
CPU,current-to-best1,Sphere,10,50,5,-450.000000,0.000000e+00,0.012338
CPU,current-to-best1,Sphere,10,50,6,-450.000000,0.000000e+00,0.012279
CPU,current-to-best1,Sphere,10,50,7,-450.000000,0.000000e+00,0.012346
CPU,current-to-best1,Sphere,10,50,8,-450.000000,0.000000e+00,0.012338
CPU,current-to-best1,Sphere,10,50,9,-450.000000,0.000000e+00,0.012274
CPU,current-to-best1,Sphere,10,50,10,-450.000000,0.000000e+00,0.012341
CPU,current-to-best1,Sphere,10,100,1,-450.000000,0.000000e+00,0.012381
CPU,current-to-best1,Sphere,10,100,2,-450.000000,0.000000e+00,0.012245
CPU,current-to-best1,Sphere,10,100,3,-450.000000,0.000000e+00,0.012152
CPU,current-to-best1,Sphere,10,100,4,-450.000000,0.000000e+00,0.012370
CPU,current-to-best1,Sphere,10,100,5,-450.000000,0.000000e+00,0.012259
CPU,current-to-best1,Sphere,10,100,6,-450.000000,0.000000e+00,0.012213
CPU,current-to-best1,Sphere,10,100,7,-450.000000,0.000000e+00,0.012245
CPU,current-to-best1,Sphere,10,100,8,-450.000000,0.000000e+00,0.012320
CPU,current-to-best1,Sphere,10,100,9,-450.000000,0.000000e+00,0.012251
CPU,current-to-best1,Sphere,10,100,10,-450.000000,0.000000e+00,0.012422
CPU,current-to-best1,Sphere,10,500,1,-450.000000,8.412826e-12,0.012392
CPU,current-to-best1,Sphere,10,500,2,-450.000000,7.901235e-12,0.012545
CPU,current-to-best1,Sphere,10,500,3,-450.000000,3.637979e-12,0.012266
CPU,current-to-best1,Sphere,10,500,4,-450.000000,1.045919e-11,0.012365
CPU,current-to-best1,Sphere,10,500,5,-450.000000,7.048584e-12,0.012343
CPU,current-to-best1,Sphere,10,500,6,-450.000000,4.490630e-12,0.012374
CPU,current-to-best1,Sphere,10,500,7,-450.000000,3.353762e-12,0.012516
CPU,current-to-best1,Sphere,10,500,8,-450.000000,7.673862e-12,0.012722
CPU,current-to-best1,Sphere,10,500,9,-450.000000,1.097078e-11,0.012345
CPU,current-to-best1,Sphere,10,500,10,-450.000000,5.854872e-12,0.012454
CPU,current-to-best1,Sphere,50,50,1,-449.979313,2.068702e-02,0.254604
CPU,current-to-best1,Sphere,50,50,2,-449.989091,1.090940e-02,0.255396
CPU,current-to-best1,Sphere,50,50,3,-449.997179,2.821064e-03,0.256708
CPU,current-to-best1,Sphere,50,50,4,-449.999727,2.725490e-04,0.253683
CPU,current-to-best1,Sphere,50,50,5,-449.996889,3.110993e-03,0.258030
CPU,current-to-best1,Sphere,50,50,6,-449.995405,4.594649e-03,0.252273
CPU,current-to-best1,Sphere,50,50,7,-449.996176,3.824178e-03,0.262028
CPU,current-to-best1,Sphere,50,50,8,-449.994828,5.171583e-03,0.254308
CPU,current-to-best1,Sphere,50,50,9,-449.999340,6.595418e-04,0.253190
CPU,current-to-best1,Sphere,50,50,10,-449.997257,2.743384e-03,0.255074
CPU,current-to-best1,Sphere,50,100,1,-450.000000,1.136868e-13,0.252908
CPU,current-to-best1,Sphere,50,100,2,-450.000000,1.136868e-13,0.253732
CPU,current-to-best1,Sphere,50,100,3,-450.000000,5.684342e-14,0.254987
CPU,current-to-best1,Sphere,50,100,4,-450.000000,1.705303e-13,0.258885
CPU,current-to-best1,Sphere,50,100,5,-450.000000,5.684342e-14,0.258963
CPU,current-to-best1,Sphere,50,100,6,-450.000000,1.136868e-13,0.252837
CPU,current-to-best1,Sphere,50,100,7,-450.000000,5.684342e-14,0.254407
CPU,current-to-best1,Sphere,50,100,8,-450.000000,1.136868e-13,0.258745
CPU,current-to-best1,Sphere,50,100,9,-450.000000,1.136868e-13,0.251231
CPU,current-to-best1,Sphere,50,100,10,-450.000000,5.684342e-14,0.253522
CPU,current-to-best1,Sphere,50,500,1,-450.000000,5.684342e-14,0.252974
CPU,current-to-best1,Sphere,50,500,2,-450.000000,5.684342e-14,0.251428
CPU,current-to-best1,Sphere,50,500,3,-450.000000,5.684342e-14,0.254297
CPU,current-to-best1,Sphere,50,500,4,-450.000000,5.684342e-14,0.249395
CPU,current-to-best1,Sphere,50,500,5,-450.000000,5.684342e-14,0.255660
CPU,current-to-best1,Sphere,50,500,6,-450.000000,5.684342e-14,0.248988
CPU,current-to-best1,Sphere,50,500,7,-450.000000,5.684342e-14,0.256083
CPU,current-to-best1,Sphere,50,500,8,-450.000000,5.684342e-14,0.249635
CPU,current-to-best1,Sphere,50,500,9,-450.000000,5.684342e-14,0.252582
CPU,current-to-best1,Sphere,50,500,10,-450.000000,5.684342e-14,0.252732
CPU,current-to-best1,Sphere,100,50,1,-328.864613,1.211354e+02,0.997563
CPU,current-to-best1,Sphere,100,50,2,-405.371412,4.462859e+01,0.994933
CPU,current-to-best1,Sphere,100,50,3,-343.512211,1.064878e+02,0.993463
CPU,current-to-best1,Sphere,100,50,4,-371.457318,7.854268e+01,0.988273
CPU,current-to-best1,Sphere,100,50,5,-335.046172,1.149538e+02,0.991057
CPU,current-to-best1,Sphere,100,50,6,-419.747824,3.025218e+01,0.978217
CPU,current-to-best1,Sphere,100,50,7,-350.106387,9.989361e+01,0.980689
CPU,current-to-best1,Sphere,100,50,8,-353.057836,9.694216e+01,1.009200
CPU,current-to-best1,Sphere,100,50,9,-417.937193,3.206281e+01,1.000186
CPU,current-to-best1,Sphere,100,50,10,-394.079059,5.592094e+01,1.001548
CPU,current-to-best1,Sphere,100,100,1,-448.639606,1.360394e+00,1.001740
CPU,current-to-best1,Sphere,100,100,2,-449.983934,1.606602e-02,0.996537
CPU,current-to-best1,Sphere,100,100,3,-449.818506,1.814941e-01,0.996050
CPU,current-to-best1,Sphere,100,100,4,-449.804957,1.950430e-01,1.000014
CPU,current-to-best1,Sphere,100,100,5,-449.909972,9.002774e-02,0.998676
CPU,current-to-best1,Sphere,100,100,6,-449.921232,7.876838e-02,1.040938
CPU,current-to-best1,Sphere,100,100,7,-449.929922,7.007790e-02,0.998927
CPU,current-to-best1,Sphere,100,100,8,-449.805896,1.941042e-01,0.989107
CPU,current-to-best1,Sphere,100,100,9,-449.742075,2.579253e-01,0.987728
CPU,current-to-best1,Sphere,100,100,10,-449.294466,7.055342e-01,0.994855
CPU,current-to-best1,Sphere,100,500,1,-450.000000,1.136868e-13,1.006135
CPU,current-to-best1,Sphere,100,500,2,-450.000000,1.136868e-13,0.996441
CPU,current-to-best1,Sphere,100,500,3,-450.000000,1.136868e-13,0.992146
CPU,current-to-best1,Sphere,100,500,4,-450.000000,1.136868e-13,0.999086
CPU,current-to-best1,Sphere,100,500,5,-450.000000,1.136868e-13,0.997317
CPU,current-to-best1,Sphere,100,500,6,-450.000000,1.705303e-13,1.008294
CPU,current-to-best1,Sphere,100,500,7,-450.000000,1.136868e-13,1.012233
CPU,current-to-best1,Sphere,100,500,8,-450.000000,1.136868e-13,0.998028
CPU,current-to-best1,Sphere,100,500,9,-450.000000,1.136868e-13,1.008794
CPU,current-to-best1,Sphere,100,500,10,-450.000000,1.136868e-13,0.994094
CPU,current-to-best1,Rastrigin,10,50,1,-330.000000,0.000000e+00,0.015015
CPU,current-to-best1,Rastrigin,10,50,2,-330.000000,0.000000e+00,0.014922
CPU,current-to-best1,Rastrigin,10,50,3,-330.000000,0.000000e+00,0.014989
CPU,current-to-best1,Rastrigin,10,50,4,-330.000000,0.000000e+00,0.015216
CPU,current-to-best1,Rastrigin,10,50,5,-330.000000,0.000000e+00,0.015087
CPU,current-to-best1,Rastrigin,10,50,6,-330.000000,0.000000e+00,0.015086
CPU,current-to-best1,Rastrigin,10,50,7,-330.000000,0.000000e+00,0.015035
CPU,current-to-best1,Rastrigin,10,50,8,-330.000000,0.000000e+00,0.015059
CPU,current-to-best1,Rastrigin,10,50,9,-330.000000,0.000000e+00,0.015148
CPU,current-to-best1,Rastrigin,10,50,10,-330.000000,0.000000e+00,0.015042
CPU,current-to-best1,Rastrigin,10,100,1,-330.000000,0.000000e+00,0.015833
CPU,current-to-best1,Rastrigin,10,100,2,-330.000000,0.000000e+00,0.015495
CPU,current-to-best1,Rastrigin,10,100,3,-330.000000,0.000000e+00,0.015612
CPU,current-to-best1,Rastrigin,10,100,4,-330.000000,0.000000e+00,0.015653
CPU,current-to-best1,Rastrigin,10,100,5,-330.000000,0.000000e+00,0.015808
CPU,current-to-best1,Rastrigin,10,100,6,-330.000000,0.000000e+00,0.015907
CPU,current-to-best1,Rastrigin,10,100,7,-330.000000,0.000000e+00,0.016642
CPU,current-to-best1,Rastrigin,10,100,8,-330.000000,0.000000e+00,0.015846
CPU,current-to-best1,Rastrigin,10,100,9,-330.000000,0.000000e+00,0.015672
CPU,current-to-best1,Rastrigin,10,100,10,-330.000000,0.000000e+00,0.015771
CPU,current-to-best1,Rastrigin,10,500,1,-328.506654,1.493346e+00,0.018774
CPU,current-to-best1,Rastrigin,10,500,2,-328.696990,1.303010e+00,0.018797
CPU,current-to-best1,Rastrigin,10,500,3,-329.034368,9.656322e-01,0.018601
CPU,current-to-best1,Rastrigin,10,500,4,-328.780410,1.219590e+00,0.019715
CPU,current-to-best1,Rastrigin,10,500,5,-328.802326,1.197674e+00,0.018784
CPU,current-to-best1,Rastrigin,10,500,6,-328.889944,1.110056e+00,0.018663
CPU,current-to-best1,Rastrigin,10,500,7,-329.586454,4.135463e-01,0.018610
CPU,current-to-best1,Rastrigin,10,500,8,-329.346274,6.537257e-01,0.018778
CPU,current-to-best1,Rastrigin,10,500,9,-329.114419,8.855808e-01,0.018790
CPU,current-to-best1,Rastrigin,10,500,10,-329.379266,6.207337e-01,0.018539
CPU,current-to-best1,Rastrigin,50,50,1,-231.600995,9.839900e+01,0.414351
CPU,current-to-best1,Rastrigin,50,50,2,-259.245840,7.075416e+01,0.415183
CPU,current-to-best1,Rastrigin,50,50,3,-217.048028,1.129520e+02,0.413258
CPU,current-to-best1,Rastrigin,50,50,4,-240.055768,8.994423e+01,0.421011
CPU,current-to-best1,Rastrigin,50,50,5,-249.128495,8.087151e+01,0.409094
CPU,current-to-best1,Rastrigin,50,50,6,-226.005810,1.039942e+02,0.417567
CPU,current-to-best1,Rastrigin,50,50,7,-248.353698,8.164630e+01,0.415189
CPU,current-to-best1,Rastrigin,50,50,8,-268.886137,6.111386e+01,0.415148
CPU,current-to-best1,Rastrigin,50,50,9,-245.776819,8.422318e+01,0.412983
CPU,current-to-best1,Rastrigin,50,50,10,-256.119061,7.388094e+01,0.409903
CPU,current-to-best1,Rastrigin,50,100,1,-199.926501,1.300735e+02,0.426065
CPU,current-to-best1,Rastrigin,50,100,2,-204.909730,1.250903e+02,0.427322
CPU,current-to-best1,Rastrigin,50,100,3,-194.183654,1.358163e+02,0.431999
CPU,current-to-best1,Rastrigin,50,100,4,-193.164005,1.368360e+02,0.425370
CPU,current-to-best1,Rastrigin,50,100,5,-211.829849,1.181702e+02,0.425212
CPU,current-to-best1,Rastrigin,50,100,6,-203.771626,1.262284e+02,0.423531
CPU,current-to-best1,Rastrigin,50,100,7,-203.085742,1.269143e+02,0.425894
CPU,current-to-best1,Rastrigin,50,100,8,-213.994614,1.160054e+02,0.428783
CPU,current-to-best1,Rastrigin,50,100,9,-207.229692,1.227703e+02,0.423265
CPU,current-to-best1,Rastrigin,50,100,10,-206.246115,1.237539e+02,0.428427
CPU,current-to-best1,Rastrigin,50,500,1,-142.050995,1.879490e+02,0.432165
CPU,current-to-best1,Rastrigin,50,500,2,-149.531376,1.804686e+02,0.432460
CPU,current-to-best1,Rastrigin,50,500,3,-165.186380,1.648136e+02,0.432433
CPU,current-to-best1,Rastrigin,50,500,4,-159.781085,1.702189e+02,0.433697
CPU,current-to-best1,Rastrigin,50,500,5,-139.943824,1.900562e+02,0.434924
CPU,current-to-best1,Rastrigin,50,500,6,-147.340816,1.826592e+02,0.438765
CPU,current-to-best1,Rastrigin,50,500,7,-162.303664,1.676963e+02,0.430852
CPU,current-to-best1,Rastrigin,50,500,8,-144.240727,1.857593e+02,0.435444
CPU,current-to-best1,Rastrigin,50,500,9,-147.254699,1.827453e+02,0.433464
CPU,current-to-best1,Rastrigin,50,500,10,-154.823546,1.751765e+02,0.433503
CPU,current-to-best1,Rastrigin,100,50,1,-287.216522,4.278348e+01,1.509953
CPU,current-to-best1,Rastrigin,100,50,2,53.415936,3.834159e+02,1.683958
CPU,current-to-best1,Rastrigin,100,50,3,59.322184,3.893222e+02,1.690139
CPU,current-to-best1,Rastrigin,100,50,4,-272.285585,5.771442e+01,1.586033
CPU,current-to-best1,Rastrigin,100,50,5,-77.100600,2.528994e+02,1.673364
CPU,current-to-best1,Rastrigin,100,50,6,-49.684738,2.803153e+02,1.696695
CPU,current-to-best1,Rastrigin,100,50,7,23.164033,3.531640e+02,1.688045
CPU,current-to-best1,Rastrigin,100,50,8,-34.493614,2.955064e+02,1.684099
CPU,current-to-best1,Rastrigin,100,50,9,24.729434,3.547294e+02,1.691433
CPU,current-to-best1,Rastrigin,100,50,10,-239.049406,9.095059e+01,1.644574
CPU,current-to-best1,Rastrigin,100,100,1,118.121713,4.481217e+02,1.701895
CPU,current-to-best1,Rastrigin,100,100,2,118.965723,4.489657e+02,1.710442
CPU,current-to-best1,Rastrigin,100,100,3,121.634736,4.516347e+02,1.717091
CPU,current-to-best1,Rastrigin,100,100,4,128.844608,4.588446e+02,1.715763
CPU,current-to-best1,Rastrigin,100,100,5,141.919415,4.719194e+02,1.710406
CPU,current-to-best1,Rastrigin,100,100,6,147.485236,4.774852e+02,1.724033
CPU,current-to-best1,Rastrigin,100,100,7,107.870434,4.378704e+02,1.724796
CPU,current-to-best1,Rastrigin,100,100,8,106.280625,4.362806e+02,1.725202
CPU,current-to-best1,Rastrigin,100,100,9,146.521621,4.765216e+02,1.714687
CPU,current-to-best1,Rastrigin,100,100,10,121.347478,4.513475e+02,1.712779
CPU,current-to-best1,Rastrigin,100,500,1,196.917201,5.269172e+02,1.716830
CPU,current-to-best1,Rastrigin,100,500,2,210.688755,5.406888e+02,1.707714
CPU,current-to-best1,Rastrigin,100,500,3,201.499712,5.314997e+02,1.709435
CPU,current-to-best1,Rastrigin,100,500,4,208.809226,5.388092e+02,1.706049
CPU,current-to-best1,Rastrigin,100,500,5,180.598408,5.105984e+02,1.699173
CPU,current-to-best1,Rastrigin,100,500,6,213.919575,5.439196e+02,1.705714
CPU,current-to-best1,Rastrigin,100,500,7,196.262984,5.262630e+02,1.707940
CPU,current-to-best1,Rastrigin,100,500,8,224.287409,5.542874e+02,1.709539
CPU,current-to-best1,Rastrigin,100,500,9,240.764938,5.707649e+02,1.707674
CPU,current-to-best1,Rastrigin,100,500,10,206.530891,5.365309e+02,1.711914
CPU,current-to-best1,Rosenbrock,10,50,1,391.071028,1.071028e+00,0.012114
CPU,current-to-best1,Rosenbrock,10,50,2,393.582378,3.582378e+00,0.012119
CPU,current-to-best1,Rosenbrock,10,50,3,391.183695,1.183695e+00,0.012040
CPU,current-to-best1,Rosenbrock,10,50,4,394.740422,4.740422e+00,0.012153
CPU,current-to-best1,Rosenbrock,10,50,5,391.640830,1.640830e+00,0.012318
CPU,current-to-best1,Rosenbrock,10,50,6,391.444545,1.444545e+00,0.012627
CPU,current-to-best1,Rosenbrock,10,50,7,391.893764,1.893764e+00,0.012234
CPU,current-to-best1,Rosenbrock,10,50,8,391.203966,1.203966e+00,0.012151
CPU,current-to-best1,Rosenbrock,10,50,9,392.381682,2.381682e+00,0.011889
CPU,current-to-best1,Rosenbrock,10,50,10,390.832789,8.327891e-01,0.012010
CPU,current-to-best1,Rosenbrock,10,100,1,394.124903,4.124903e+00,0.012164
CPU,current-to-best1,Rosenbrock,10,100,2,394.293567,4.293567e+00,0.012000
CPU,current-to-best1,Rosenbrock,10,100,3,393.128598,3.128598e+00,0.012082
CPU,current-to-best1,Rosenbrock,10,100,4,394.196642,4.196642e+00,0.011996
CPU,current-to-best1,Rosenbrock,10,100,5,394.680840,4.680840e+00,0.012141
CPU,current-to-best1,Rosenbrock,10,100,6,391.844285,1.844285e+00,0.012130
CPU,current-to-best1,Rosenbrock,10,100,7,394.006655,4.006655e+00,0.012783
CPU,current-to-best1,Rosenbrock,10,100,8,393.542073,3.542073e+00,0.012077
CPU,current-to-best1,Rosenbrock,10,100,9,393.535923,3.535923e+00,0.012096
CPU,current-to-best1,Rosenbrock,10,100,10,394.748511,4.748511e+00,0.012070
CPU,current-to-best1,Rosenbrock,10,500,1,397.079917,7.079917e+00,0.012860
CPU,current-to-best1,Rosenbrock,10,500,2,395.234834,5.234834e+00,0.012134
CPU,current-to-best1,Rosenbrock,10,500,3,395.503853,5.503853e+00,0.012174
CPU,current-to-best1,Rosenbrock,10,500,4,394.309399,4.309399e+00,0.012172
CPU,current-to-best1,Rosenbrock,10,500,5,395.791246,5.791246e+00,0.012207
CPU,current-to-best1,Rosenbrock,10,500,6,396.830971,6.830971e+00,0.012100
CPU,current-to-best1,Rosenbrock,10,500,7,395.963374,5.963374e+00,0.012256
CPU,current-to-best1,Rosenbrock,10,500,8,395.586405,5.586405e+00,0.012051
CPU,current-to-best1,Rosenbrock,10,500,9,395.800612,5.800612e+00,0.012316
CPU,current-to-best1,Rosenbrock,10,500,10,395.947364,5.947364e+00,0.012091
CPU,current-to-best1,Rosenbrock,50,50,1,4041.326309,3.651326e+03,0.252005
CPU,current-to-best1,Rosenbrock,50,50,2,13325.416453,1.293542e+04,0.252691
CPU,current-to-best1,Rosenbrock,50,50,3,1097.384546,7.073845e+02,0.252720
CPU,current-to-best1,Rosenbrock,50,50,4,8438.919075,8.048919e+03,0.252924
CPU,current-to-best1,Rosenbrock,50,50,5,12296.448307,1.190645e+04,0.251823
CPU,current-to-best1,Rosenbrock,50,50,6,1156.578407,7.665784e+02,0.251576
CPU,current-to-best1,Rosenbrock,50,50,7,8988.816724,8.598817e+03,0.252840
CPU,current-to-best1,Rosenbrock,50,50,8,31996.985282,3.160699e+04,0.255150
CPU,current-to-best1,Rosenbrock,50,50,9,2280.904535,1.890905e+03,0.256249
CPU,current-to-best1,Rosenbrock,50,50,10,1997.499022,1.607499e+03,0.250925
CPU,current-to-best1,Rosenbrock,50,100,1,436.639974,4.663997e+01,0.253327
CPU,current-to-best1,Rosenbrock,50,100,2,487.765293,9.776529e+01,0.252819
CPU,current-to-best1,Rosenbrock,50,100,3,479.360780,8.936078e+01,0.253746
CPU,current-to-best1,Rosenbrock,50,100,4,521.939373,1.319394e+02,0.251649
CPU,current-to-best1,Rosenbrock,50,100,5,641.260869,2.512609e+02,0.251189
CPU,current-to-best1,Rosenbrock,50,100,6,540.560899,1.505609e+02,0.251321
CPU,current-to-best1,Rosenbrock,50,100,7,493.298126,1.032981e+02,0.256673
CPU,current-to-best1,Rosenbrock,50,100,8,489.425510,9.942551e+01,0.247481
CPU,current-to-best1,Rosenbrock,50,100,9,433.750612,4.375061e+01,0.249507
CPU,current-to-best1,Rosenbrock,50,100,10,546.640120,1.566401e+02,0.255734
CPU,current-to-best1,Rosenbrock,50,500,1,433.731893,4.373189e+01,0.250404
CPU,current-to-best1,Rosenbrock,50,500,2,432.732358,4.273236e+01,0.248330
CPU,current-to-best1,Rosenbrock,50,500,3,433.748926,4.374893e+01,0.249950
CPU,current-to-best1,Rosenbrock,50,500,4,433.665704,4.366570e+01,0.249170
CPU,current-to-best1,Rosenbrock,50,500,5,433.697532,4.369753e+01,0.250461
CPU,current-to-best1,Rosenbrock,50,500,6,433.735319,4.373532e+01,0.248033
CPU,current-to-best1,Rosenbrock,50,500,7,433.809263,4.380926e+01,0.248798
CPU,current-to-best1,Rosenbrock,50,500,8,432.207693,4.220769e+01,0.250523
CPU,current-to-best1,Rosenbrock,50,500,9,434.480213,4.448021e+01,0.247967
CPU,current-to-best1,Rosenbrock,50,500,10,433.679625,4.367962e+01,0.248788
CPU,current-to-best1,Rosenbrock,100,50,1,3856908.357173,3.856518e+06,0.989035
CPU,current-to-best1,Rosenbrock,100,50,2,14228590.240185,1.422820e+07,0.995020
CPU,current-to-best1,Rosenbrock,100,50,3,12003406.836106,1.200302e+07,0.997535
CPU,current-to-best1,Rosenbrock,100,50,4,1214241.704478,1.213852e+06,0.995004
CPU,current-to-best1,Rosenbrock,100,50,5,2721676.322587,2.721286e+06,0.995789
CPU,current-to-best1,Rosenbrock,100,50,6,2760941.457115,2.760551e+06,0.992045
CPU,current-to-best1,Rosenbrock,100,50,7,1489747.655950,1.489358e+06,0.990710
CPU,current-to-best1,Rosenbrock,100,50,8,3949900.323764,3.949510e+06,0.995546
CPU,current-to-best1,Rosenbrock,100,50,9,10282763.049708,1.028237e+07,0.991108
CPU,current-to-best1,Rosenbrock,100,50,10,1592623.929248,1.592234e+06,0.996283
CPU,current-to-best1,Rosenbrock,100,100,1,225696.760806,2.253068e+05,0.991888
CPU,current-to-best1,Rosenbrock,100,100,2,64583.395533,6.419340e+04,0.990238
CPU,current-to-best1,Rosenbrock,100,100,3,25714.197994,2.532420e+04,0.994340
CPU,current-to-best1,Rosenbrock,100,100,4,203717.745301,2.033277e+05,0.996673
CPU,current-to-best1,Rosenbrock,100,100,5,22859.038719,2.246904e+04,0.993234
CPU,current-to-best1,Rosenbrock,100,100,6,37314.250185,3.692425e+04,0.987381
CPU,current-to-best1,Rosenbrock,100,100,7,56554.389329,5.616439e+04,0.991679
CPU,current-to-best1,Rosenbrock,100,100,8,17557.275625,1.716728e+04,0.994494
CPU,current-to-best1,Rosenbrock,100,100,9,71524.454496,7.113445e+04,0.999424
CPU,current-to-best1,Rosenbrock,100,100,10,21915.638217,2.152564e+04,0.989727
CPU,current-to-best1,Rosenbrock,100,500,1,487.502279,9.750228e+01,0.996269
CPU,current-to-best1,Rosenbrock,100,500,2,775.348115,3.853481e+02,0.984256
CPU,current-to-best1,Rosenbrock,100,500,3,546.772941,1.567729e+02,0.992020
CPU,current-to-best1,Rosenbrock,100,500,4,492.286415,1.022864e+02,0.984762
CPU,current-to-best1,Rosenbrock,100,500,5,518.727802,1.287278e+02,0.991732
CPU,current-to-best1,Rosenbrock,100,500,6,540.722822,1.507228e+02,0.986328
CPU,current-to-best1,Rosenbrock,100,500,7,594.501524,2.045015e+02,0.991418
CPU,current-to-best1,Rosenbrock,100,500,8,580.951748,1.909517e+02,0.992838
CPU,current-to-best1,Rosenbrock,100,500,9,541.537104,1.515371e+02,0.986018
CPU,current-to-best1,Rosenbrock,100,500,10,570.261388,1.802614e+02,0.984265
CPU,current-to-best1,Griewank,10,50,1,-180.000000,0.000000e+00,0.018198
CPU,current-to-best1,Griewank,10,50,2,-180.000000,0.000000e+00,0.018823
CPU,current-to-best1,Griewank,10,50,3,-179.992604,7.396040e-03,0.018755
CPU,current-to-best1,Griewank,10,50,4,-179.980322,1.967773e-02,0.019284
CPU,current-to-best1,Griewank,10,50,5,-180.000000,0.000000e+00,0.017457
CPU,current-to-best1,Griewank,10,50,6,-180.000000,0.000000e+00,0.017955
CPU,current-to-best1,Griewank,10,50,7,-180.000000,0.000000e+00,0.018807
CPU,current-to-best1,Griewank,10,50,8,-179.992604,7.396040e-03,0.018191
CPU,current-to-best1,Griewank,10,50,9,-180.000000,0.000000e+00,0.018981
CPU,current-to-best1,Griewank,10,50,10,-180.000000,0.000000e+00,0.018903
CPU,current-to-best1,Griewank,10,100,1,-180.000000,0.000000e+00,0.018879
CPU,current-to-best1,Griewank,10,100,2,-180.000000,0.000000e+00,0.019159
CPU,current-to-best1,Griewank,10,100,3,-180.000000,0.000000e+00,0.019381
CPU,current-to-best1,Griewank,10,100,4,-180.000000,0.000000e+00,0.019446
CPU,current-to-best1,Griewank,10,100,5,-180.000000,2.557954e-13,0.020763
CPU,current-to-best1,Griewank,10,100,6,-180.000000,0.000000e+00,0.020411
CPU,current-to-best1,Griewank,10,100,7,-180.000000,8.526513e-14,0.019869
CPU,current-to-best1,Griewank,10,100,8,-180.000000,0.000000e+00,0.019758
CPU,current-to-best1,Griewank,10,100,9,-180.000000,0.000000e+00,0.019342
CPU,current-to-best1,Griewank,10,100,10,-180.000000,0.000000e+00,0.019116
CPU,current-to-best1,Griewank,10,500,1,-179.942695,5.730530e-02,0.022461
CPU,current-to-best1,Griewank,10,500,2,-179.849330,1.506701e-01,0.022329
CPU,current-to-best1,Griewank,10,500,3,-179.934472,6.552835e-02,0.022835
CPU,current-to-best1,Griewank,10,500,4,-179.971517,2.848289e-02,0.021136
CPU,current-to-best1,Griewank,10,500,5,-179.957294,4.270575e-02,0.021919
CPU,current-to-best1,Griewank,10,500,6,-179.971943,2.805722e-02,0.021208
CPU,current-to-best1,Griewank,10,500,7,-179.930554,6.944557e-02,0.022593
CPU,current-to-best1,Griewank,10,500,8,-179.895990,1.040102e-01,0.022694
CPU,current-to-best1,Griewank,10,500,9,-179.967084,3.291627e-02,0.021691
CPU,current-to-best1,Griewank,10,500,10,-179.969770,3.023050e-02,0.022626
CPU,current-to-best1,Griewank,50,50,1,-179.923766,7.623369e-02,0.328317
CPU,current-to-best1,Griewank,50,50,2,-179.982175,1.782460e-02,0.320223
CPU,current-to-best1,Griewank,50,50,3,-179.982766,1.723374e-02,0.319175
CPU,current-to-best1,Griewank,50,50,4,-179.999566,4.338881e-04,0.320422
CPU,current-to-best1,Griewank,50,50,5,-179.992777,7.223379e-03,0.317885
CPU,current-to-best1,Griewank,50,50,6,-179.985600,1.439956e-02,0.316399
CPU,current-to-best1,Griewank,50,50,7,-179.995240,4.759818e-03,0.333677
CPU,current-to-best1,Griewank,50,50,8,-179.984915,1.508547e-02,0.331558
CPU,current-to-best1,Griewank,50,50,9,-179.991785,8.215379e-03,0.325765
CPU,current-to-best1,Griewank,50,50,10,-179.996599,3.401238e-03,0.316645
CPU,current-to-best1,Griewank,50,100,1,-180.000000,5.684342e-14,0.335568
CPU,current-to-best1,Griewank,50,100,2,-180.000000,2.842171e-14,0.320624
CPU,current-to-best1,Griewank,50,100,3,-180.000000,2.842171e-14,0.331020
CPU,current-to-best1,Griewank,50,100,4,-180.000000,2.842171e-14,0.333031
CPU,current-to-best1,Griewank,50,100,5,-179.990135,9.864672e-03,0.332234
CPU,current-to-best1,Griewank,50,100,6,-180.000000,2.842171e-14,0.319204
CPU,current-to-best1,Griewank,50,100,7,-180.000000,2.842171e-14,0.331773
CPU,current-to-best1,Griewank,50,100,8,-180.000000,5.684342e-14,0.331141
CPU,current-to-best1,Griewank,50,100,9,-180.000000,2.842171e-14,0.335900
CPU,current-to-best1,Griewank,50,100,10,-179.980310,1.969000e-02,0.324725
CPU,current-to-best1,Griewank,50,500,1,-180.000000,2.842171e-14,0.355040
CPU,current-to-best1,Griewank,50,500,2,-180.000000,2.842171e-14,0.353880
CPU,current-to-best1,Griewank,50,500,3,-180.000000,2.842171e-14,0.353557
CPU,current-to-best1,Griewank,50,500,4,-180.000000,2.842171e-14,0.354789
CPU,current-to-best1,Griewank,50,500,5,-180.000000,2.842171e-14,0.354498
CPU,current-to-best1,Griewank,50,500,6,-180.000000,2.842171e-14,0.353349
CPU,current-to-best1,Griewank,50,500,7,-180.000000,2.842171e-14,0.355749
CPU,current-to-best1,Griewank,50,500,8,-180.000000,2.842171e-14,0.357220
CPU,current-to-best1,Griewank,50,500,9,-180.000000,2.842171e-14,0.353251
CPU,current-to-best1,Griewank,50,500,10,-180.000000,2.842171e-14,0.357287
CPU,current-to-best1,Griewank,100,50,1,-177.993389,2.006611e+00,1.322181
CPU,current-to-best1,Griewank,100,50,2,-178.562614,1.437386e+00,1.293009
CPU,current-to-best1,Griewank,100,50,3,-178.041561,1.958439e+00,1.274133
CPU,current-to-best1,Griewank,100,50,4,-178.288561,1.711439e+00,1.274079
CPU,current-to-best1,Griewank,100,50,5,-177.951979,2.048021e+00,1.300422
CPU,current-to-best1,Griewank,100,50,6,-178.677551,1.322449e+00,1.268132
CPU,current-to-best1,Griewank,100,50,7,-178.073647,1.926353e+00,1.296826
CPU,current-to-best1,Griewank,100,50,8,-178.096829,1.903171e+00,1.292203
CPU,current-to-best1,Griewank,100,50,9,-178.680482,1.319518e+00,1.310184
CPU,current-to-best1,Griewank,100,50,10,-178.505691,1.494309e+00,1.313023
CPU,current-to-best1,Griewank,100,100,1,-179.747512,2.524885e-01,1.320993
CPU,current-to-best1,Griewank,100,100,2,-179.932828,6.717159e-02,1.308150
CPU,current-to-best1,Griewank,100,100,3,-179.923628,7.637228e-02,1.303208
CPU,current-to-best1,Griewank,100,100,4,-179.908712,9.128840e-02,1.288599
CPU,current-to-best1,Griewank,100,100,5,-179.952674,4.732581e-02,1.267159
CPU,current-to-best1,Griewank,100,100,6,-179.962574,3.742600e-02,1.326527
CPU,current-to-best1,Griewank,100,100,7,-179.954705,4.529549e-02,1.313723
CPU,current-to-best1,Griewank,100,100,8,-179.858234,1.417660e-01,1.301475
CPU,current-to-best1,Griewank,100,100,9,-179.865504,1.344961e-01,1.296371
CPU,current-to-best1,Griewank,100,100,10,-179.680875,3.191251e-01,1.312522
CPU,current-to-best1,Griewank,100,500,1,-180.000000,5.684342e-14,1.393876
CPU,current-to-best1,Griewank,100,500,2,-180.000000,5.684342e-14,1.394151
CPU,current-to-best1,Griewank,100,500,3,-180.000000,5.684342e-14,1.392080
CPU,current-to-best1,Griewank,100,500,4,-180.000000,5.684342e-14,1.382903
CPU,current-to-best1,Griewank,100,500,5,-180.000000,5.684342e-14,1.396505
CPU,current-to-best1,Griewank,100,500,6,-180.000000,8.526513e-14,1.358300
CPU,current-to-best1,Griewank,100,500,7,-180.000000,5.684342e-14,1.374780
CPU,current-to-best1,Griewank,100,500,8,-180.000000,5.684342e-14,1.366813
CPU,current-to-best1,Griewank,100,500,9,-180.000000,5.684342e-14,1.378948
CPU,current-to-best1,Griewank,100,500,10,-180.000000,8.526513e-14,1.395471
